text,label
Free delivery on orders above $50,normal
Standard shipping available,normal
All prices include taxes,normal
No hidden charges,normal
Transparent pricing policy,normal
Only 2 items left!,fake_urgency
Hurry! Limited stock,fake_urgency
Sale ends in 24 hours,fake_urgency
Only 5 customers viewing this item,fake_urgency
Stock running out fast,fake_urgency
Extra fees will apply at payment,hidden_cost
Additional costs are the customer's responsibility,hidden_cost
Your total may be recalculated at checkout,hidden_cost
Price does not cover all mandatory items,hidden_cost
Your payment total will be confirmed later,hidden_cost
Sponsored products you may like,disguised_ad
Recommended for you,disguised_ad
Featured items just for you,disguised_ad
Promoted content,disguised_ad
Advertisement,disguised_ad
The final amount depends on your selections,hidden_cost
There may be extra amounts due after purchase,hidden_cost
The listed price is only a part of what you owe,hidden_cost
You might be asked to pay more before delivery,hidden_cost
Some required items are not included in the base price,hidden_cost
Your order total is subject to adjustment,hidden_cost
The price you pay could be higher than shown,hidden_cost
Extra obligations may arise during checkout,hidden_cost
Your final bill is not yet determined,hidden_cost
Certain options will increase the total,hidden_cost
The displayed cost is incomplete,hidden_cost
Your actual expense may include unlisted items,hidden_cost
Price shown is a preliminary estimate,hidden_cost
You will see the full cost only at the last step,hidden_cost
Some parts of the total are not yet visible,hidden_cost
Your cart does not show all eventual charges,hidden_cost
The amount you pay may be revised upwards,hidden_cost
There are additional amounts you need to cover,hidden_cost
Your purchase total is not locked in yet,hidden_cost
The cost you see excludes certain necessities,hidden_cost
Your payment could include surprise elements,hidden_cost
The final amount is subject to change based on your choices,hidden_cost
Some features incur extra costs not displayed,hidden_cost
Your total is not guaranteed until payment,hidden_cost
The price you see is just the beginning,hidden_cost
Additional expenditure may be required later,hidden_cost
The final amount you owe may be higher than the initial quote.,hidden_cost
We will add any applicable taxes and fees before charging you.,hidden_cost
Your payment total is not final until we calculate all surcharges.,hidden_cost
"Some mandatory costs are only shown after you click ""Checkout"".",hidden_cost
The advertised price does not reflect all required expenditures.,hidden_cost
Your cart currently shows only the subtotal – additional charges will be added.,hidden_cost
You agree to pay any extra fees determined at the time of delivery.,hidden_cost
The price you see may be increased by factors outside our control.,hidden_cost
Certain payment methods incur an additional percentage fee.,hidden_cost
Your total will include a variable fee based on your order weight.,hidden_cost
"A handling fee is added to all returns, deducted from your refund.",hidden_cost
You will be charged a fee for canceling after the free period.,hidden_cost
A re‑stocking charge applies to opened items.,hidden_cost
Your final bill includes a mandatory gratuity not shown earlier.,hidden_cost
The price displayed is for the base model; each additional feature costs extra.,hidden_cost
Your subscription price will increase after the promotional period.,hidden_cost
A one‑time membership fee is added at checkout.,hidden_cost
"Your total includes a ""convenience"" charge for booking online.",hidden_cost
A processing fee is added to all ticket purchases.,hidden_cost
Your final price includes a facility maintenance surcharge.,hidden_cost
"A ""smart delivery"" fee is applied to expedited shipping.",hidden_cost
Your order includes a packaging fee for fragile items.,hidden_cost
"A ""green"" fee is added to offset carbon emissions.",hidden_cost
Your bill includes a regulatory recovery cost mandated by law.,hidden_cost
"A ""consumer protection"" fee is added to every transaction.",hidden_cost
"Your total has a ""technology access"" charge for using our platform.",hidden_cost
"A ""data security"" fee is applied to all online orders.",hidden_cost
"Your invoice includes a ""paperless billing"" fee even if you receive paper.",hidden_cost
"A ""customer experience"" fee is added for phone support.",hidden_cost
"Your final charge includes a ""market adjustment"" surcharge.",hidden_cost
"A ""supply chain"" fee is added due to current conditions.",hidden_cost
VAT not included in the displayed price,hidden_cost
Customs duties and import taxes are your responsibility,hidden_cost
A handling surcharge will be added for remote areas,hidden_cost
Your payment method may incur a cash advance fee,hidden_cost
Price shown is for the item only – packaging and delivery extra,hidden_cost
"There is a minimum order value – below that, a small order fee applies",hidden_cost
Your total may include a fuel surcharge based on distance,hidden_cost
A restocking fee is deducted from refunds,hidden_cost
You will be charged a service fee for using our platform,hidden_cost
A convenience fee applies for credit card payments,hidden_cost
Your subscription renews automatically – cancel before the next billing cycle to avoid charges,hidden_cost
An activation fee is added to new accounts,hidden_cost
There is a one‑time setup fee for this service,hidden_cost
Your order qualifies for an environmental recovery fee,hidden_cost
A regulatory compliance fee is added to all transactions,hidden_cost
A payment processing surcharge applies to this transaction,hidden_cost
Your total includes a technology fee for using our app,hidden_cost
A network usage charge is added for digital delivery,hidden_cost
A customer support fee is applied for phone orders,hidden_cost
A logistics coordination fee will be added to your invoice,hidden_cost
A warehouse storage fee may apply for delayed pickup,hidden_cost
A priority handling fee is optional but recommended,hidden_cost
A verification fee is required for identity confirmation,hidden_cost
A booking fee is added to each reservation,hidden_cost
A cleaning fee applies to this rental property,hidden_cost
A documentation fee is required for processing,hidden_cost
A title search fee is added to real estate transactions,hidden_cost
A credit report fee applies to loan applications,hidden_cost
A wire transfer fee is added for international payments,hidden_cost
A currency conversion fee applies to foreign transactions,hidden_cost
A cross‑border processing fee is included in your total,hidden_cost
A brokerage fee may be added for imported goods,hidden_cost
A terminal handling charge is part of shipping costs,hidden_cost
A bill of lading fee applies to freight orders,hidden_cost
A certificate of origin fee is required for customs,hidden_cost
A fumigation fee may be added for agricultural products,hidden_cost
A demurrage fee applies if you delay pickup,hidden_cost
A storage fee accrues daily after the free period,hidden_cost
A cancellation penalty applies within 24 hours of arrival,hidden_cost
A no‑show fee equal to one night's stay is charged,hidden_cost
A resort fee covers amenities not included in room rate,hidden_cost
A facility fee applies to use of common areas,hidden_cost
An energy surcharge is added to utility bills,hidden_cost
A paper statement fee applies if you opt out of e‑bills,hidden_cost
A late payment penalty is added after the due date,hidden_cost
An insufficient funds fee is charged for returned payments,hidden_cost
A chargeback processing fee applies to disputed transactions,hidden_cost
A reinstatement fee is required to reactivate your account,hidden_cost
An account closure fee may apply if you cancel early,hidden_cost
A transfer fee is deducted from your balance,hidden_cost
A redemption fee applies when you cash out rewards,hidden_cost
A gift card activation fee is added at purchase,hidden_cost
An inactivity fee is charged after six months of no use,hidden_cost
A maintenance fee is deducted monthly from your account,hidden_cost
A service restoration fee applies after a suspension,hidden_cost
A reconnection fee is charged for turning services back on,hidden_cost
A deposit is required and may be forfeited if conditions are not met,hidden_cost
Price excludes applicable taxes,hidden_cost
Final amount may vary,hidden_cost
Additional costs may be incurred,hidden_cost
Total depends on your location,hidden_cost
Your final price will be calculated,hidden_cost
Taxes and other adjustments added later,hidden_cost
The price you see is not the final price,hidden_cost
Extra costs may apply based on selection,hidden_cost
Your payment total may be higher,hidden_cost
Add‑ons will affect the final amount,hidden_cost
Price does not include mandatory extras,hidden_cost
You may owe more after checkout,hidden_cost
The listed price is only a base amount,hidden_cost
Additional amounts could be required,hidden_cost
Your actual cost may differ,hidden_cost
Some items require extra payment,hidden_cost
Final cost cannot be shown yet,hidden_cost
Price is subject to surcharges,hidden_cost
You might pay more than shown,hidden_cost
Total depends on shipping method,hidden_cost
Your bill will include unforeseen costs,hidden_cost
The displayed price is only a starting point,hidden_cost
Checkout will reveal the true price,hidden_cost
Your final amount is not guaranteed,hidden_cost
There may be additional obligations,hidden_cost
Price does not include taxes or duties,hidden_cost
Your final bill may include handling adjustments,hidden_cost
Additional regional surcharges could apply,hidden_cost
The amount you pay depends on your selections,hidden_cost
Certain options trigger extra costs,hidden_cost
Your payment total is provisional,hidden_cost
Extra costs are determined at checkout,hidden_cost
Your location may affect the final price,hidden_cost
Some product variations incur higher costs,hidden_cost
Your order value may increase during checkout,hidden_cost
The advertised price may not be the final amount,hidden_cost
You may be charged more than the sticker price,hidden_cost
Additional charges are not reflected yet,hidden_cost
Your cart total is subject to revision,hidden_cost
Final payment may exceed the listed price,hidden_cost
See final price at checkout,hidden_cost
Terms and charges apply,hidden_cost
Conditions may affect final pricing,hidden_cost
Total calculated at next step,hidden_cost
Price shown excludes extras,hidden_cost
View breakdown before paying,hidden_cost
Your total will be updated in cart,hidden_cost
Additional costs appear on the next page,hidden_cost
Final price shown before payment,hidden_cost
Some charges are added at the last step,hidden_cost
Price does not include everything,hidden_cost
You will see all costs before placing order,hidden_cost
Extras will be added during checkout,hidden_cost
The amount you pay may include extra items,hidden_cost
Check the order summary for final total,hidden_cost
Your payment total is not yet complete,hidden_cost
Scroll down for additional costs,hidden_cost
Read the fine print for extra fees,hidden_cost
Additional costs are listed in the terms,hidden_cost
Your cart total is not final,hidden_cost
Taxes and surcharges applied later,hidden_cost
The final charge will be higher,hidden_cost
Your payment may include service extras,hidden_cost
See all costs before confirming,hidden_cost
Total may increase after address entry,hidden_cost
Final amount calculated on the next screen,hidden_cost
Your total reflects base price only,hidden_cost
Check the last page for full cost,hidden_cost
Additional costs are added at the payment step,hidden_cost
Your order summary may change before submission,hidden_cost
Please review the final total before paying,hidden_cost
The price you see now may be lower than your actual charge,hidden_cost
All applicable costs appear during checkout,hidden_cost
Your total will be recalculated with your location,hidden_cost
Some charges are deferred to the payment page,hidden_cost
The amount you pay is finalised after entering details,hidden_cost
Extra costs are shown only after you proceed,hidden_cost
Your payment total includes unlisted adjustments,hidden_cost
Check the final step for any added amounts,hidden_cost
Only $10! – but actually more later,hidden_cost
Starting from $5,hidden_cost
Base price shown,hidden_cost
As low as $9.99 (plus other costs),hidden_cost
Just $19.99* (conditions apply),hidden_cost
From just $49 – additional charges may apply,hidden_cost
Prices start at – final cost depends,hidden_cost
Only pay $5 now (recurring after trial),hidden_cost
$0 down payment – fees added later,hidden_cost
Buy now for $29 – total may vary,hidden_cost
Limited offer $15 – shipping extra,hidden_cost
Just the base price – more to come,hidden_cost
"Appears as $99, but final is higher",hidden_cost
Shown price is before mandatory add‑ons,hidden_cost
You pay only the difference later,hidden_cost
"First month $1, then regular price",hidden_cost
Try for free – cancellation fee may apply,hidden_cost
"Includes some, but not all, charges",hidden_cost
Price is partially displayed,hidden_cost
Your cost could be as little as $20,hidden_cost
*Exclusions apply – total may differ,hidden_cost
Minimal upfront – extra fees later,hidden_cost
Stated price is for the basic version,hidden_cost
Add‑ons are required for full use,hidden_cost
Your price will be adjusted at checkout,hidden_cost
Displayed price is not the full cost,hidden_cost
"You save now, pay later – extra charges apply",hidden_cost
Low initial payment – total cost higher,hidden_cost
Just cover the deposit – balance due later,hidden_cost
Price shown is after discounts – other fees not included,hidden_cost
Limited time price – does not include mandatory extras,hidden_cost
Special offer – final total may surprise you,hidden_cost
You pay only the base – surcharges added automatically,hidden_cost
"Seems cheap, but total grows at checkout",hidden_cost
Your low price today does not include everything,hidden_cost
Shipping calculated at checkout,hidden_cost
Taxes estimated at checkout,hidden_cost
Additional fees may be applied,hidden_cost
Your total includes potential surcharges,hidden_cost
Price does not include shipping or tax,hidden_cost
Final amount depends on delivery address,hidden_cost
Some regions incur extra handling costs,hidden_cost
A small service fee will be added,hidden_cost
Your payment method may add a fee,hidden_cost
International orders may have customs duties,hidden_cost
Local taxes are not reflected,hidden_cost
Price excludes delivery and processing,hidden_cost
Convenience fees added for certain payments,hidden_cost
Your cart value is not the final charge,hidden_cost
Checkout total includes unexpected extras,hidden_cost
The listed price is without VAT,hidden_cost
Price shown is before any adjustments,hidden_cost
Additional costs appear after login,hidden_cost
Your order total will be recalculated,hidden_cost
Some payment types incur a surcharge,hidden_cost
Final price shown only after selecting options,hidden_cost
Extras like gift wrap cost extra,hidden_cost
Mandatory tip added at checkout,hidden_cost
Environmental fee may be included later,hidden_cost
Regulatory recovery fee applies,hidden_cost
Delivery fee added at checkout,hidden_cost
Handling charge not included in price,hidden_cost
Insurance fee will be added,hidden_cost
Packaging fee may be applied,hidden_cost
Late payment fee may apply,hidden_cost
Transaction fee will be added,hidden_cost
Fuel surcharge may apply to shipping,hidden_cost
Custom duties not included,hidden_cost
Service tax applied at checkout,hidden_cost
Small order fee may be added,hidden_cost
Express delivery fee applies,hidden_cost
Payment gateway fee applies,hidden_cost
Installation fee not included,hidden_cost
Maintenance fee may apply,hidden_cost
Booking service fee applies,hidden_cost
Cleaning fee added at checkout,hidden_cost
Restocking fee may apply,hidden_cost
Documentation fee may apply,hidden_cost
Order processing charges apply,hidden_cost
Activation fee applies,hidden_cost
Account setup fee may apply,hidden_cost
Subscription activation fee applies,hidden_cost
Cancellation fee may apply,hidden_cost
Return shipping fee not included,hidden_cost
Exchange processing fee applies,hidden_cost
Service activation charges apply,hidden_cost
Platform usage fee applies,hidden_cost
System processing fee applies,hidden_cost
Technology fee applies,hidden_cost
Network service charge applies,hidden_cost
Customer support fee applies,hidden_cost
Payment service charge applies,hidden_cost
Logistics service fee applies,hidden_cost
Order fulfillment fee applies,hidden_cost
Warehouse handling charge applies,hidden_cost
Priority processing fee applies,hidden_cost
Order verification fee applies,hidden_cost
Payment verification fee applies,hidden_cost
Booking confirmation fee applies,hidden_cost
Account processing fee applies,hidden_cost
Service administration fee applies,hidden_cost
Convenience processing charge applies,hidden_cost
Online transaction fee applies,hidden_cost
Payment handling charge applies,hidden_cost
Platform transaction charge applies,hidden_cost
Merchant processing fee applies,hidden_cost
Credit card processing fee applies,hidden_cost
Digital payment surcharge applies,hidden_cost
Secure payment fee applies,hidden_cost
Handling surcharge applies,hidden_cost
Service management fee applies,hidden_cost
Order management fee applies,hidden_cost
Payment authorization fee applies,hidden_cost
Account maintenance fee applies,hidden_cost
System usage charge applies,hidden_cost
Operational service fee applies,hidden_cost
Digital platform fee applies,hidden_cost
Payment platform fee applies,hidden_cost
Administrative service charge applies,hidden_cost
Shipping service surcharge applies,hidden_cost
Delivery service charge applies,hidden_cost
Processing and handling fee applies,hidden_cost
Service handling charge applies,hidden_cost
Order administration fee applies,hidden_cost
Platform access fee applies,hidden_cost
Payment gateway surcharge applies,hidden_cost
Online service charge applies,hidden_cost
Fulfillment service fee applies,hidden_cost
Additional platform charge applies,hidden_cost
The price you see does not include taxes or delivery.,hidden_cost
Your final total may be higher than the cart shows.,hidden_cost
Additional charges such as handling or insurance may apply.,hidden_cost
We will calculate all applicable fees before you pay.,hidden_cost
The displayed price is for the product only – other costs are extra.,hidden_cost
Your payment total will include service and processing charges.,hidden_cost
Some items have hidden surcharges that appear at checkout.,hidden_cost
The final amount depends on your location and chosen options.,hidden_cost
You might incur extra costs not shown on the product page.,hidden_cost
Price shown is a base rate – mandatory upgrades may be required.,hidden_cost
Your order is subject to additional fees determined at checkout.,hidden_cost
The total we charge may be more than the advertised price.,hidden_cost
Please note that your final bill could include unexpected items.,hidden_cost
The listed cost is only an estimate; actual amount varies.,hidden_cost
You agree to pay any additional charges calculated during checkout.,hidden_cost
There may be extra costs that are only revealed at the payment stage.,hidden_cost
Your purchase total will be confirmed after all selections are made.,hidden_cost
Some mandatory extras are not included in the initial price.,hidden_cost
"The price you pay will include all applicable taxes and fees, which are added later.",hidden_cost
Your order qualifies for additional charges based on your region.,hidden_cost
We reserve the right to add surcharges for certain payment methods.,hidden_cost
The final amount may include a service fee that is not shown upfront.,hidden_cost
Your total cost will be updated once we know your delivery address.,hidden_cost
Additional fees for processing and handling will be applied.,hidden_cost
Your cart does not yet reflect all mandatory charges.,hidden_cost
The price listed is a starting point; your final total will be higher.,hidden_cost
You will see all extra costs only when you proceed to checkout.,hidden_cost
Some items in your order have unadvertised surcharges.,hidden_cost
Your payment total is incomplete until the last step.,hidden_cost
Please be aware that your final bill may exceed the displayed total.,hidden_cost
Price does not include applicable taxes.,hidden_cost
Final amount may be adjusted for your region.,hidden_cost
Additional costs are the buyer’s responsibility.,hidden_cost
Your total will be finalized when you proceed.,hidden_cost
There may be extra charges based on your selections.,hidden_cost
The checkout process will show all applicable costs.,hidden_cost
Some features require an additional payment.,hidden_cost
Your payment total is not guaranteed until the last step.,hidden_cost
A handling adjustment may be added to your order.,hidden_cost
Your final bill could include service-related surcharges.,hidden_cost
The amount shown is before any mandatory additions.,hidden_cost
Your order total will be recalculated with fees included.,hidden_cost
Certain payment options incur an extra charge.,hidden_cost
Your location may add unexpected costs.,hidden_cost
The final price will include all compulsory extras.,hidden_cost
You may be subject to additional fees not listed here.,hidden_cost
Your total is provisional until the order is complete.,hidden_cost
Some costs are determined at the time of payment.,hidden_cost
Your cart value does not include all necessary charges.,hidden_cost
The price displayed is exclusive of handling and delivery.,hidden_cost
Your payment amount may be revised after address confirmation.,hidden_cost
Additional fees are applied based on your chosen service level.,hidden_cost
Your final bill reflects all applicable taxes and surcharges.,hidden_cost
There may be extra costs that are only shown at the end.,hidden_cost
Your order qualifies for additional processing fees.,hidden_cost
Price includes all taxes,normal
Free shipping on all orders,normal
No additional fees apply,normal
Total price is final,normal
All costs are included in the price,normal
You will not be charged extra,normal
Final price is displayed upfront,normal
The amount shown is what you pay,normal
Everything is included in the listed price,normal
Transparent pricing with no extra fees,normal
No additional costs will be added,normal
The price is fixed and final,normal
All fees are already included,normal
No surprises at checkout,normal
